-- [STR_ARANAP]_Names
-- Author: Strudeler
-- DateCreated: 5/9/2022 2:47:57 PM
--------------------------------------------------------------
/*	ARAGON | CITY NAMES	*/					
INSERT INTO	CityNames	
			(CivilizationType,			CityName)	
	VALUES	('CIVILIZATION_STR_ARAGON',	'LOC_CITY_NAME_STR_ARAGON_1'),	
			('CIVILIZATION_STR_ARAGON',	'LOC_CITY_NAME_STR_ARAGON_2'),	
			('CIVILIZATION_STR_ARAGON',	'LOC_CITY_NAME_STR_ARAGON_3'),	
			('CIVILIZATION_STR_ARAGON',	'LOC_CITY_NAME_STR_ARAGON_4'),	
			('CIVILIZATION_STR_ARAGON',	'LOC_CITY_NAME_STR_ARAGON_5'),	
			('CIVILIZATION_STR_ARAGON',	'LOC_CITY_NAME_STR_ARAGON_6'),	
			('CIVILIZATION_STR_ARAGON',	'LOC_CITY_NAME_STR_ARAGON_7'),	
			('CIVILIZATION_STR_ARAGON',	'LOC_CITY_NAME_STR_ARAGON_8'),	
			('CIVILIZATION_STR_ARAGON',	'LOC_CITY_NAME_STR_ARAGON_9'),	
			('CIVILIZATION_STR_ARAGON',	'LOC_CITY_NAME_STR_ARAGON_10'),	
			('CIVILIZATION_STR_ARAGON',	'LOC_CITY_NAME_STR_ARAGON_11'),	
			('CIVILIZATION_STR_ARAGON',	'LOC_CITY_NAME_STR_ARAGON_12'),	
			('CIVILIZATION_STR_ARAGON',	'LOC_CITY_NAME_STR_ARAGON_13'),	
			('CIVILIZATION_STR_ARAGON',	'LOC_CITY_NAME_STR_ARAGON_14'),	
			('CIVILIZATION_STR_ARAGON',	'LOC_CITY_NAME_STR_ARAGON_15'),	
			('CIVILIZATION_STR_ARAGON',	'LOC_CITY_NAME_STR_ARAGON_16'),	
			('CIVILIZATION_STR_ARAGON',	'LOC_CITY_NAME_STR_ARAGON_17'),	
			('CIVILIZATION_STR_ARAGON',	'LOC_CITY_NAME_STR_ARAGON_18'),	
			('CIVILIZATION_STR_ARAGON',	'LOC_CITY_NAME_STR_ARAGON_19'),	
			('CIVILIZATION_STR_ARAGON',	'LOC_CITY_NAME_STR_ARAGON_20'),	
			('CIVILIZATION_STR_ARAGON',	'LOC_CITY_NAME_STR_ARAGON_21'),	
			('CIVILIZATION_STR_ARAGON',	'LOC_CITY_NAME_STR_ARAGON_22'),	
			('CIVILIZATION_STR_ARAGON',	'LOC_CITY_NAME_STR_ARAGON_23'),	
			('CIVILIZATION_STR_ARAGON',	'LOC_CITY_NAME_STR_ARAGON_24'),	
			('CIVILIZATION_STR_ARAGON',	'LOC_CITY_NAME_STR_ARAGON_25'),	
			('CIVILIZATION_STR_ARAGON',	'LOC_CITY_NAME_STR_ARAGON_26'),	
			('CIVILIZATION_STR_ARAGON',	'LOC_CITY_NAME_STR_ARAGON_27'),	
			('CIVILIZATION_STR_ARAGON',	'LOC_CITY_NAME_STR_ARAGON_28'),	
			('CIVILIZATION_STR_ARAGON',	'LOC_CITY_NAME_STR_ARAGON_29'),
			('CIVILIZATION_STR_ARAGON',	'LOC_CITY_NAME_STR_ARAGON_30'),	
			('CIVILIZATION_STR_ARAGON',	'LOC_CITY_NAME_STR_ARAGON_31'),	
			('CIVILIZATION_STR_ARAGON',	'LOC_CITY_NAME_STR_ARAGON_32'),	
			('CIVILIZATION_STR_ARAGON',	'LOC_CITY_NAME_STR_ARAGON_33'),	
			('CIVILIZATION_STR_ARAGON',	'LOC_CITY_NAME_STR_ARAGON_34'),	
			('CIVILIZATION_STR_ARAGON',	'LOC_CITY_NAME_STR_ARAGON_35'),	
			('CIVILIZATION_STR_ARAGON',	'LOC_CITY_NAME_STR_ARAGON_36'),	
			('CIVILIZATION_STR_ARAGON',	'LOC_CITY_NAME_STR_ARAGON_37'),	
			('CIVILIZATION_STR_ARAGON',	'LOC_CITY_NAME_STR_ARAGON_38'),	
			('CIVILIZATION_STR_ARAGON',	'LOC_CITY_NAME_STR_ARAGON_39'),
			('CIVILIZATION_STR_ARAGON',	'LOC_CITY_NAME_STR_ARAGON_40'),	
			('CIVILIZATION_STR_ARAGON',	'LOC_CITY_NAME_STR_ARAGON_41'),	
			('CIVILIZATION_STR_ARAGON',	'LOC_CITY_NAME_STR_ARAGON_42'),	
			('CIVILIZATION_STR_ARAGON',	'LOC_CITY_NAME_STR_ARAGON_43'),	
			('CIVILIZATION_STR_ARAGON',	'LOC_CITY_NAME_STR_ARAGON_44'),	
			('CIVILIZATION_STR_ARAGON',	'LOC_CITY_NAME_STR_ARAGON_45'),	
			('CIVILIZATION_STR_ARAGON',	'LOC_CITY_NAME_STR_ARAGON_46'),	
			('CIVILIZATION_STR_ARAGON',	'LOC_CITY_NAME_STR_ARAGON_47'),	
			('CIVILIZATION_STR_ARAGON',	'LOC_CITY_NAME_STR_ARAGON_48'),	
			('CIVILIZATION_STR_ARAGON',	'LOC_CITY_NAME_STR_ARAGON_49'),
			('CIVILIZATION_STR_ARAGON',	'LOC_CITY_NAME_STR_ARAGON_50');		

/*	ARAGON | CITIZEN NAMES	*/	
INSERT INTO	CivilizationCitizenNames	
			(CivilizationType,			CitizenName,								Female,		Modern)
	VALUES	('CIVILIZATION_STR_ARAGON',	'LOC_CITIZEN_STR_ARAGON_MALE_1',			0,			0),
			('CIVILIZATION_STR_ARAGON',	'LOC_CITIZEN_STR_ARAGON_MALE_2',			0,			0),
			('CIVILIZATION_STR_ARAGON',	'LOC_CITIZEN_STR_ARAGON_MALE_3',			0,			0),
			('CIVILIZATION_STR_ARAGON',	'LOC_CITIZEN_STR_ARAGON_MALE_4',			0,			0),
			('CIVILIZATION_STR_ARAGON',	'LOC_CITIZEN_STR_ARAGON_MALE_5',			0,			0),
			('CIVILIZATION_STR_ARAGON',	'LOC_CITIZEN_STR_ARAGON_MALE_6',			0,			0),
			('CIVILIZATION_STR_ARAGON',	'LOC_CITIZEN_STR_ARAGON_MALE_7',			0,			0),
			('CIVILIZATION_STR_ARAGON',	'LOC_CITIZEN_STR_ARAGON_MALE_8',			0,			0),
			('CIVILIZATION_STR_ARAGON',	'LOC_CITIZEN_STR_ARAGON_MALE_9',			0,			0),
			('CIVILIZATION_STR_ARAGON',	'LOC_CITIZEN_STR_ARAGON_MALE_10',			0,			0),
			('CIVILIZATION_STR_ARAGON',	'LOC_CITIZEN_STR_ARAGON_FEMALE_1',			1,			0),
			('CIVILIZATION_STR_ARAGON',	'LOC_CITIZEN_STR_ARAGON_FEMALE_2',			1,			0),
			('CIVILIZATION_STR_ARAGON',	'LOC_CITIZEN_STR_ARAGON_FEMALE_3',			1,			0),
			('CIVILIZATION_STR_ARAGON',	'LOC_CITIZEN_STR_ARAGON_FEMALE_4',			1,			0),
			('CIVILIZATION_STR_ARAGON',	'LOC_CITIZEN_STR_ARAGON_FEMALE_5',			1,			0),
			('CIVILIZATION_STR_ARAGON',	'LOC_CITIZEN_STR_ARAGON_FEMALE_6',			1,			0),
			('CIVILIZATION_STR_ARAGON',	'LOC_CITIZEN_STR_ARAGON_FEMALE_7',			1,			0),
			('CIVILIZATION_STR_ARAGON',	'LOC_CITIZEN_STR_ARAGON_FEMALE_8',			1,			0),
			('CIVILIZATION_STR_ARAGON',	'LOC_CITIZEN_STR_ARAGON_FEMALE_9',			1,			0),
			('CIVILIZATION_STR_ARAGON',	'LOC_CITIZEN_STR_ARAGON_FEMALE_10',			1,			0),
			('CIVILIZATION_STR_ARAGON',	'LOC_CITIZEN_STR_ARAGON_MODERN_MALE_1',		0,			1),
			('CIVILIZATION_STR_ARAGON',	'LOC_CITIZEN_STR_ARAGON_MODERN_MALE_2',		0,			1),
			('CIVILIZATION_STR_ARAGON',	'LOC_CITIZEN_STR_ARAGON_MODERN_MALE_3',		0,			1),
			('CIVILIZATION_STR_ARAGON',	'LOC_CITIZEN_STR_ARAGON_MODERN_MALE_4',		0,			1),
			('CIVILIZATION_STR_ARAGON',	'LOC_CITIZEN_STR_ARAGON_MODERN_MALE_5',		0,			1),
			('CIVILIZATION_STR_ARAGON',	'LOC_CITIZEN_STR_ARAGON_MODERN_MALE_6',		0,			1),
			('CIVILIZATION_STR_ARAGON',	'LOC_CITIZEN_STR_ARAGON_MODERN_MALE_7',		0,			1),
			('CIVILIZATION_STR_ARAGON',	'LOC_CITIZEN_STR_ARAGON_MODERN_MALE_8',		0,			1),
			('CIVILIZATION_STR_ARAGON',	'LOC_CITIZEN_STR_ARAGON_MODERN_MALE_9',		0,			1),
			('CIVILIZATION_STR_ARAGON',	'LOC_CITIZEN_STR_ARAGON_MODERN_MALE_10',	0,			1),
			('CIVILIZATION_STR_ARAGON',	'LOC_CITIZEN_STR_ARAGON_MODERN_FEMALE_1',	1,			1),
			('CIVILIZATION_STR_ARAGON',	'LOC_CITIZEN_STR_ARAGON_MODERN_FEMALE_2',	1,			1),
			('CIVILIZATION_STR_ARAGON',	'LOC_CITIZEN_STR_ARAGON_MODERN_FEMALE_3',	1,			1),
			('CIVILIZATION_STR_ARAGON',	'LOC_CITIZEN_STR_ARAGON_MODERN_FEMALE_4',	1,			1),
			('CIVILIZATION_STR_ARAGON',	'LOC_CITIZEN_STR_ARAGON_MODERN_FEMALE_5',	1,			1),
			('CIVILIZATION_STR_ARAGON',	'LOC_CITIZEN_STR_ARAGON_MODERN_FEMALE_6',	1,			1),
			('CIVILIZATION_STR_ARAGON',	'LOC_CITIZEN_STR_ARAGON_MODERN_FEMALE_7',	1,			1),
			('CIVILIZATION_STR_ARAGON',	'LOC_CITIZEN_STR_ARAGON_MODERN_FEMALE_8',	1,			1),
			('CIVILIZATION_STR_ARAGON',	'LOC_CITIZEN_STR_ARAGON_MODERN_FEMALE_9',	1,			1),
			('CIVILIZATION_STR_ARAGON',	'LOC_CITIZEN_STR_ARAGON_MODERN_FEMALE_10',	1,			1);

/*	ARAGON | MOUNTAINS	*/
INSERT INTO NamedMountains
			(NamedMountainType,					Name)
	VALUES	('NAMED_MOUNTAIN_STR_ARAGON_1',		'LOC_NAMED_MOUNTAIN_STR_ARAGON_1_NAME'),
			('NAMED_MOUNTAIN_STR_ARAGON_2',		'LOC_NAMED_MOUNTAIN_STR_ARAGON_2_NAME'),
			('NAMED_MOUNTAIN_STR_ARAGON_3',		'LOC_NAMED_MOUNTAIN_STR_ARAGON_3_NAME'),
			('NAMED_MOUNTAIN_STR_ARAGON_4',		'LOC_NAMED_MOUNTAIN_STR_ARAGON_4_NAME'),
			('NAMED_MOUNTAIN_STR_ARAGON_5',		'LOC_NAMED_MOUNTAIN_STR_ARAGON_5_NAME'),
			('NAMED_MOUNTAIN_STR_ARAGON_6',		'LOC_NAMED_MOUNTAIN_STR_ARAGON_6_NAME'),
			('NAMED_MOUNTAIN_STR_ARAGON_7',		'LOC_NAMED_MOUNTAIN_STR_ARAGON_7_NAME'),
			('NAMED_MOUNTAIN_STR_ARAGON_8',		'LOC_NAMED_MOUNTAIN_STR_ARAGON_8_NAME'),
			('NAMED_MOUNTAIN_STR_ARAGON_9',		'LOC_NAMED_MOUNTAIN_STR_ARAGON_9_NAME'),
			('NAMED_MOUNTAIN_STR_ARAGON_10',	'LOC_NAMED_MOUNTAIN_STR_ARAGON_10_NAME');

INSERT INTO NamedMountainCivilizations
			(CivilizationType,			NamedMountainType)
	VALUES	('CIVILIZATION_STR_ARAGON',	'NAMED_MOUNTAIN_STR_ARAGON_1'),
			('CIVILIZATION_STR_ARAGON',	'NAMED_MOUNTAIN_STR_ARAGON_2'),
			('CIVILIZATION_STR_ARAGON',	'NAMED_MOUNTAIN_STR_ARAGON_3'),
			('CIVILIZATION_STR_ARAGON',	'NAMED_MOUNTAIN_STR_ARAGON_4'),
			('CIVILIZATION_STR_ARAGON',	'NAMED_MOUNTAIN_STR_ARAGON_5'),
			('CIVILIZATION_STR_ARAGON',	'NAMED_MOUNTAIN_STR_ARAGON_6'),
			('CIVILIZATION_STR_ARAGON',	'NAMED_MOUNTAIN_STR_ARAGON_7'),
			('CIVILIZATION_STR_ARAGON',	'NAMED_MOUNTAIN_STR_ARAGON_8'),
			('CIVILIZATION_STR_ARAGON',	'NAMED_MOUNTAIN_STR_ARAGON_9'),
			('CIVILIZATION_STR_ARAGON',	'NAMED_MOUNTAIN_STR_ARAGON_10');

/*	ARAGON | RIVERS	*/
INSERT INTO NamedRivers
			(NamedRiverType,				Name)
	VALUES	('NAMED_RIVER_STR_ARAGON_1',	'LOC_NAMED_RIVER_STR_ARAGON_1_NAME'),
			('NAMED_RIVER_STR_ARAGON_2',	'LOC_NAMED_RIVER_STR_ARAGON_2_NAME'),
			('NAMED_RIVER_STR_ARAGON_3',	'LOC_NAMED_RIVER_STR_ARAGON_3_NAME'),
			('NAMED_RIVER_STR_ARAGON_4',	'LOC_NAMED_RIVER_STR_ARAGON_4_NAME'),
			('NAMED_RIVER_STR_ARAGON_5',	'LOC_NAMED_RIVER_STR_ARAGON_5_NAME'),
			('NAMED_RIVER_STR_ARAGON_6',	'LOC_NAMED_RIVER_STR_ARAGON_6_NAME'),
			('NAMED_RIVER_STR_ARAGON_7',	'LOC_NAMED_RIVER_STR_ARAGON_7_NAME'),
			('NAMED_RIVER_STR_ARAGON_8',	'LOC_NAMED_RIVER_STR_ARAGON_8_NAME'),
			('NAMED_RIVER_STR_ARAGON_9',	'LOC_NAMED_RIVER_STR_ARAGON_9_NAME'),
			('NAMED_RIVER_STR_ARAGON_10',	'LOC_NAMED_RIVER_STR_ARAGON_10_NAME');

INSERT INTO NamedRiverCivilizations
			(CivilizationType,			NamedRiverType)
	VALUES	('CIVILIZATION_STR_ARAGON',	'NAMED_RIVER_STR_ARAGON_1'),
			('CIVILIZATION_STR_ARAGON',	'NAMED_RIVER_STR_ARAGON_2'),
			('CIVILIZATION_STR_ARAGON',	'NAMED_RIVER_STR_ARAGON_3'),
			('CIVILIZATION_STR_ARAGON',	'NAMED_RIVER_STR_ARAGON_4'),
			('CIVILIZATION_STR_ARAGON',	'NAMED_RIVER_STR_ARAGON_5'),
			('CIVILIZATION_STR_ARAGON',	'NAMED_RIVER_STR_ARAGON_6'),
			('CIVILIZATION_STR_ARAGON',	'NAMED_RIVER_STR_ARAGON_7'),
			('CIVILIZATION_STR_ARAGON',	'NAMED_RIVER_STR_ARAGON_8'),
			('CIVILIZATION_STR_ARAGON',	'NAMED_RIVER_STR_ARAGON_9'),
			('CIVILIZATION_STR_ARAGON',	'NAMED_RIVER_STR_ARAGON_10');

/*	ARAGON | LAKES	*/
INSERT INTO NamedLakes
			(NamedLakeType,					Name)
	VALUES	('NAMED_LAKE_STR_ARAGON_1',		'LOC_NAMED_LAKE_STR_ARAGON_1_NAME'),
			('NAMED_LAKE_STR_ARAGON_2',		'LOC_NAMED_LAKE_STR_ARAGON_2_NAME'),
			('NAMED_LAKE_STR_ARAGON_3',		'LOC_NAMED_LAKE_STR_ARAGON_3_NAME'),
			('NAMED_LAKE_STR_ARAGON_4',		'LOC_NAMED_LAKE_STR_ARAGON_4_NAME'),
			('NAMED_LAKE_STR_ARAGON_5',		'LOC_NAMED_LAKE_STR_ARAGON_5_NAME'),
			('NAMED_LAKE_STR_ARAGON_6',		'LOC_NAMED_LAKE_STR_ARAGON_6_NAME'),
			('NAMED_LAKE_STR_ARAGON_7',		'LOC_NAMED_LAKE_STR_ARAGON_7_NAME'),
			('NAMED_LAKE_STR_ARAGON_8',		'LOC_NAMED_LAKE_STR_ARAGON_8_NAME'),
			('NAMED_LAKE_STR_ARAGON_9',		'LOC_NAMED_LAKE_STR_ARAGON_9_NAME'),
			('NAMED_LAKE_STR_ARAGON_10',	'LOC_NAMED_LAKE_STR_ARAGON_10_NAME');

INSERT INTO NamedLakeCivilizations
			(CivilizationType,			NamedLakeType)
	VALUES	('CIVILIZATION_STR_ARAGON',	'NAMED_LAKE_STR_ARAGON_1'),
			('CIVILIZATION_STR_ARAGON',	'NAMED_LAKE_STR_ARAGON_2'),
			('CIVILIZATION_STR_ARAGON',	'NAMED_LAKE_STR_ARAGON_3'),
			('CIVILIZATION_STR_ARAGON',	'NAMED_LAKE_STR_ARAGON_4'),
			('CIVILIZATION_STR_ARAGON',	'NAMED_LAKE_STR_ARAGON_5'),
			('CIVILIZATION_STR_ARAGON',	'NAMED_LAKE_STR_ARAGON_6'),
			('CIVILIZATION_STR_ARAGON',	'NAMED_LAKE_STR_ARAGON_7'),
			('CIVILIZATION_STR_ARAGON',	'NAMED_LAKE_STR_ARAGON_8'),
			('CIVILIZATION_STR_ARAGON',	'NAMED_LAKE_STR_ARAGON_9'),
			('CIVILIZATION_STR_ARAGON',	'NAMED_LAKE_STR_ARAGON_10');

/*	ARAGON | SEAS	*/
INSERT INTO NamedSeas
			(NamedSeaType,				Name)
	VALUES	('NAMED_SEA_STR_ARAGON_1',	'LOC_NAMED_SEA_STR_ARAGON_1_NAME'),
			('NAMED_SEA_STR_ARAGON_2',	'LOC_NAMED_SEA_STR_ARAGON_2_NAME'),
			('NAMED_SEA_STR_ARAGON_3',	'LOC_NAMED_SEA_STR_ARAGON_3_NAME'),
			('NAMED_SEA_STR_ARAGON_4',	'LOC_NAMED_SEA_STR_ARAGON_4_NAME'),
			('NAMED_SEA_STR_ARAGON_5',	'LOC_NAMED_SEA_STR_ARAGON_5_NAME'),
			('NAMED_SEA_STR_ARAGON_6',	'LOC_NAMED_SEA_STR_ARAGON_6_NAME'),
			('NAMED_SEA_STR_ARAGON_7',	'LOC_NAMED_SEA_STR_ARAGON_7_NAME'),
			('NAMED_SEA_STR_ARAGON_8',	'LOC_NAMED_SEA_STR_ARAGON_8_NAME'),
			('NAMED_SEA_STR_ARAGON_9',	'LOC_NAMED_SEA_STR_ARAGON_9_NAME'),
			('NAMED_SEA_STR_ARAGON_10',	'LOC_NAMED_SEA_STR_ARAGON_10_NAME');

INSERT INTO NamedSeaCivilizations
			(CivilizationType,			NamedSeaType)
	VALUES	('CIVILIZATION_STR_ARAGON',	'NAMED_SEA_STR_ARAGON_1'),
			('CIVILIZATION_STR_ARAGON',	'NAMED_SEA_STR_ARAGON_2'),
			('CIVILIZATION_STR_ARAGON',	'NAMED_SEA_STR_ARAGON_3'),
			('CIVILIZATION_STR_ARAGON',	'NAMED_SEA_STR_ARAGON_4'),
			('CIVILIZATION_STR_ARAGON',	'NAMED_SEA_STR_ARAGON_5'),
			('CIVILIZATION_STR_ARAGON',	'NAMED_SEA_STR_ARAGON_6'),
			('CIVILIZATION_STR_ARAGON',	'NAMED_SEA_STR_ARAGON_7'),
			('CIVILIZATION_STR_ARAGON',	'NAMED_SEA_STR_ARAGON_8'),
			('CIVILIZATION_STR_ARAGON',	'NAMED_SEA_STR_ARAGON_9'),
			('CIVILIZATION_STR_ARAGON',	'NAMED_SEA_STR_ARAGON_10');

/*	ARAGON | OCEANS	*/
INSERT INTO NamedOceans
			(NamedOceanType,				Name)
	VALUES	('NAMED_OCEAN_STR_ARAGON_1',	'LOC_NAMED_OCEAN_STR_ARAGON_1_NAME'),
			('NAMED_OCEAN_STR_ARAGON_2',	'LOC_NAMED_OCEAN_STR_ARAGON_2_NAME'),
			('NAMED_OCEAN_STR_ARAGON_3',	'LOC_NAMED_OCEAN_STR_ARAGON_3_NAME'),
			('NAMED_OCEAN_STR_ARAGON_4',	'LOC_NAMED_OCEAN_STR_ARAGON_4_NAME'),
			('NAMED_OCEAN_STR_ARAGON_5',	'LOC_NAMED_OCEAN_STR_ARAGON_5_NAME'),
			('NAMED_OCEAN_STR_ARAGON_6',	'LOC_NAMED_OCEAN_STR_ARAGON_6_NAME'),
			('NAMED_OCEAN_STR_ARAGON_7',	'LOC_NAMED_OCEAN_STR_ARAGON_7_NAME'),
			('NAMED_OCEAN_STR_ARAGON_8',	'LOC_NAMED_OCEAN_STR_ARAGON_8_NAME'),
			('NAMED_OCEAN_STR_ARAGON_9',	'LOC_NAMED_OCEAN_STR_ARAGON_9_NAME'),
			('NAMED_OCEAN_STR_ARAGON_10',	'LOC_NAMED_OCEAN_STR_ARAGON_10_NAME');

INSERT INTO NamedOceanCivilizations
			(CivilizationType,			NamedOceanType)
	VALUES	('CIVILIZATION_STR_ARAGON',	'NAMED_OCEAN_STR_ARAGON_1'),
			('CIVILIZATION_STR_ARAGON',	'NAMED_OCEAN_STR_ARAGON_2'),
			('CIVILIZATION_STR_ARAGON',	'NAMED_OCEAN_STR_ARAGON_3'),
			('CIVILIZATION_STR_ARAGON',	'NAMED_OCEAN_STR_ARAGON_4'),
			('CIVILIZATION_STR_ARAGON',	'NAMED_OCEAN_STR_ARAGON_5'),
			('CIVILIZATION_STR_ARAGON',	'NAMED_OCEAN_STR_ARAGON_6'),
			('CIVILIZATION_STR_ARAGON',	'NAMED_OCEAN_STR_ARAGON_7'),
			('CIVILIZATION_STR_ARAGON',	'NAMED_OCEAN_STR_ARAGON_8'),
			('CIVILIZATION_STR_ARAGON',	'NAMED_OCEAN_STR_ARAGON_9'),
			('CIVILIZATION_STR_ARAGON',	'NAMED_OCEAN_STR_ARAGON_10');

/*	ARAGON | DESERTS	*/
INSERT INTO NamedDeserts
			(NamedDesertType,				Name)
	VALUES	('NAMED_DESERT_STR_ARAGON_1',	'LOC_NAMED_DESERT_STR_ARAGON_1_NAME'),
			('NAMED_DESERT_STR_ARAGON_2',	'LOC_NAMED_DESERT_STR_ARAGON_2_NAME'),
			('NAMED_DESERT_STR_ARAGON_3',	'LOC_NAMED_DESERT_STR_ARAGON_3_NAME'),
			('NAMED_DESERT_STR_ARAGON_4',	'LOC_NAMED_DESERT_STR_ARAGON_4_NAME'),
			('NAMED_DESERT_STR_ARAGON_5',	'LOC_NAMED_DESERT_STR_ARAGON_5_NAME'),
			('NAMED_DESERT_STR_ARAGON_6',	'LOC_NAMED_DESERT_STR_ARAGON_6_NAME'),
			('NAMED_DESERT_STR_ARAGON_7',	'LOC_NAMED_DESERT_STR_ARAGON_7_NAME'),
			('NAMED_DESERT_STR_ARAGON_8',	'LOC_NAMED_DESERT_STR_ARAGON_8_NAME'),
			('NAMED_DESERT_STR_ARAGON_9',	'LOC_NAMED_DESERT_STR_ARAGON_9_NAME'),
			('NAMED_DESERT_STR_ARAGON_10',	'LOC_NAMED_DESERT_STR_ARAGON_10_NAME');

INSERT INTO NamedDesertCivilizations
			(CivilizationType,			NamedDesertType)
	VALUES	('CIVILIZATION_STR_ARAGON',	'NAMED_DESERT_STR_ARAGON_1'),
			('CIVILIZATION_STR_ARAGON',	'NAMED_DESERT_STR_ARAGON_2'),
			('CIVILIZATION_STR_ARAGON',	'NAMED_DESERT_STR_ARAGON_3'),
			('CIVILIZATION_STR_ARAGON',	'NAMED_DESERT_STR_ARAGON_4'),
			('CIVILIZATION_STR_ARAGON',	'NAMED_DESERT_STR_ARAGON_5'),
			('CIVILIZATION_STR_ARAGON',	'NAMED_DESERT_STR_ARAGON_6'),
			('CIVILIZATION_STR_ARAGON',	'NAMED_DESERT_STR_ARAGON_7'),
			('CIVILIZATION_STR_ARAGON',	'NAMED_DESERT_STR_ARAGON_8'),
			('CIVILIZATION_STR_ARAGON',	'NAMED_DESERT_STR_ARAGON_9'),
			('CIVILIZATION_STR_ARAGON',	'NAMED_DESERT_STR_ARAGON_10');

/*	ARAGON | VOLCANOES	*/
INSERT INTO NamedVolcanoes
			(NamedVolcanoType,				Name)
	VALUES	('NAMED_VOLCANO_STR_ARAGON_1',	'LOC_NAMED_VOLCANO_STR_ARAGON_1_NAME'),
			('NAMED_VOLCANO_STR_ARAGON_2',	'LOC_NAMED_VOLCANO_STR_ARAGON_2_NAME'),
			('NAMED_VOLCANO_STR_ARAGON_3',	'LOC_NAMED_VOLCANO_STR_ARAGON_3_NAME'),
			('NAMED_VOLCANO_STR_ARAGON_4',	'LOC_NAMED_VOLCANO_STR_ARAGON_4_NAME'),
			('NAMED_VOLCANO_STR_ARAGON_5',	'LOC_NAMED_VOLCANO_STR_ARAGON_5_NAME'),
			('NAMED_VOLCANO_STR_ARAGON_6',	'LOC_NAMED_VOLCANO_STR_ARAGON_6_NAME'),
			('NAMED_VOLCANO_STR_ARAGON_7',	'LOC_NAMED_VOLCANO_STR_ARAGON_7_NAME'),
			('NAMED_VOLCANO_STR_ARAGON_8',	'LOC_NAMED_VOLCANO_STR_ARAGON_8_NAME'),
			('NAMED_VOLCANO_STR_ARAGON_9',	'LOC_NAMED_VOLCANO_STR_ARAGON_9_NAME'),
			('NAMED_VOLCANO_STR_ARAGON_10',	'LOC_NAMED_VOLCANO_STR_ARAGON_10_NAME');

INSERT INTO NamedVolcanoCivilizations
			(CivilizationType,			NamedVolcanoType)
	VALUES	('CIVILIZATION_STR_ARAGON',	'NAMED_VOLCANO_STR_ARAGON_1'),
			('CIVILIZATION_STR_ARAGON',	'NAMED_VOLCANO_STR_ARAGON_2'),
			('CIVILIZATION_STR_ARAGON',	'NAMED_VOLCANO_STR_ARAGON_3'),
			('CIVILIZATION_STR_ARAGON',	'NAMED_VOLCANO_STR_ARAGON_4'),
			('CIVILIZATION_STR_ARAGON',	'NAMED_VOLCANO_STR_ARAGON_5'),
			('CIVILIZATION_STR_ARAGON',	'NAMED_VOLCANO_STR_ARAGON_6'),
			('CIVILIZATION_STR_ARAGON',	'NAMED_VOLCANO_STR_ARAGON_7'),
			('CIVILIZATION_STR_ARAGON',	'NAMED_VOLCANO_STR_ARAGON_8'),
			('CIVILIZATION_STR_ARAGON',	'NAMED_VOLCANO_STR_ARAGON_9'),
			('CIVILIZATION_STR_ARAGON',	'NAMED_VOLCANO_STR_ARAGON_10');

/*	NAPLES | CITY NAMES	*/					
INSERT INTO	CityNames	
			(CivilizationType,			CityName)	
	VALUES	('CIVILIZATION_STR_NAPLES',	'LOC_CITY_NAME_STR_NAPLES_1'),	
			('CIVILIZATION_STR_NAPLES',	'LOC_CITY_NAME_STR_NAPLES_2'),	
			('CIVILIZATION_STR_NAPLES',	'LOC_CITY_NAME_STR_NAPLES_3'),	
			('CIVILIZATION_STR_NAPLES',	'LOC_CITY_NAME_STR_NAPLES_4'),	
			('CIVILIZATION_STR_NAPLES',	'LOC_CITY_NAME_STR_NAPLES_5'),	
			('CIVILIZATION_STR_NAPLES',	'LOC_CITY_NAME_STR_NAPLES_6'),	
			('CIVILIZATION_STR_NAPLES',	'LOC_CITY_NAME_STR_NAPLES_7'),	
			('CIVILIZATION_STR_NAPLES',	'LOC_CITY_NAME_STR_NAPLES_8'),	
			('CIVILIZATION_STR_NAPLES',	'LOC_CITY_NAME_STR_NAPLES_9'),	
			('CIVILIZATION_STR_NAPLES',	'LOC_CITY_NAME_STR_NAPLES_10'),	
			('CIVILIZATION_STR_NAPLES',	'LOC_CITY_NAME_STR_NAPLES_11'),	
			('CIVILIZATION_STR_NAPLES',	'LOC_CITY_NAME_STR_NAPLES_12'),	
			('CIVILIZATION_STR_NAPLES',	'LOC_CITY_NAME_STR_NAPLES_13'),	
			('CIVILIZATION_STR_NAPLES',	'LOC_CITY_NAME_STR_NAPLES_14'),	
			('CIVILIZATION_STR_NAPLES',	'LOC_CITY_NAME_STR_NAPLES_15'),	
			('CIVILIZATION_STR_NAPLES',	'LOC_CITY_NAME_STR_NAPLES_16'),	
			('CIVILIZATION_STR_NAPLES',	'LOC_CITY_NAME_STR_NAPLES_17'),	
			('CIVILIZATION_STR_NAPLES',	'LOC_CITY_NAME_STR_NAPLES_18'),	
			('CIVILIZATION_STR_NAPLES',	'LOC_CITY_NAME_STR_NAPLES_19'),	
			('CIVILIZATION_STR_NAPLES',	'LOC_CITY_NAME_STR_NAPLES_20'),	
			('CIVILIZATION_STR_NAPLES',	'LOC_CITY_NAME_STR_NAPLES_21'),	
			('CIVILIZATION_STR_NAPLES',	'LOC_CITY_NAME_STR_NAPLES_22'),	
			('CIVILIZATION_STR_NAPLES',	'LOC_CITY_NAME_STR_NAPLES_23'),	
			('CIVILIZATION_STR_NAPLES',	'LOC_CITY_NAME_STR_NAPLES_24'),	
			('CIVILIZATION_STR_NAPLES',	'LOC_CITY_NAME_STR_NAPLES_25'),	
			('CIVILIZATION_STR_NAPLES',	'LOC_CITY_NAME_STR_NAPLES_26'),	
			('CIVILIZATION_STR_NAPLES',	'LOC_CITY_NAME_STR_NAPLES_27'),	
			('CIVILIZATION_STR_NAPLES',	'LOC_CITY_NAME_STR_NAPLES_28'),	
			('CIVILIZATION_STR_NAPLES',	'LOC_CITY_NAME_STR_NAPLES_29'),
			('CIVILIZATION_STR_NAPLES',	'LOC_CITY_NAME_STR_NAPLES_30'),	
			('CIVILIZATION_STR_NAPLES',	'LOC_CITY_NAME_STR_NAPLES_31'),	
			('CIVILIZATION_STR_NAPLES',	'LOC_CITY_NAME_STR_NAPLES_32'),	
			('CIVILIZATION_STR_NAPLES',	'LOC_CITY_NAME_STR_NAPLES_33'),	
			('CIVILIZATION_STR_NAPLES',	'LOC_CITY_NAME_STR_NAPLES_34'),	
			('CIVILIZATION_STR_NAPLES',	'LOC_CITY_NAME_STR_NAPLES_35'),	
			('CIVILIZATION_STR_NAPLES',	'LOC_CITY_NAME_STR_NAPLES_36'),	
			('CIVILIZATION_STR_NAPLES',	'LOC_CITY_NAME_STR_NAPLES_37'),	
			('CIVILIZATION_STR_NAPLES',	'LOC_CITY_NAME_STR_NAPLES_38'),	
			('CIVILIZATION_STR_NAPLES',	'LOC_CITY_NAME_STR_NAPLES_39'),
			('CIVILIZATION_STR_NAPLES',	'LOC_CITY_NAME_STR_NAPLES_40'),	
			('CIVILIZATION_STR_NAPLES',	'LOC_CITY_NAME_STR_NAPLES_41'),	
			('CIVILIZATION_STR_NAPLES',	'LOC_CITY_NAME_STR_NAPLES_42'),	
			('CIVILIZATION_STR_NAPLES',	'LOC_CITY_NAME_STR_NAPLES_43'),	
			('CIVILIZATION_STR_NAPLES',	'LOC_CITY_NAME_STR_NAPLES_44'),	
			('CIVILIZATION_STR_NAPLES',	'LOC_CITY_NAME_STR_NAPLES_45'),	
			('CIVILIZATION_STR_NAPLES',	'LOC_CITY_NAME_STR_NAPLES_46'),	
			('CIVILIZATION_STR_NAPLES',	'LOC_CITY_NAME_STR_NAPLES_47'),	
			('CIVILIZATION_STR_NAPLES',	'LOC_CITY_NAME_STR_NAPLES_48'),	
			('CIVILIZATION_STR_NAPLES',	'LOC_CITY_NAME_STR_NAPLES_49'),
			('CIVILIZATION_STR_NAPLES',	'LOC_CITY_NAME_STR_NAPLES_50');		

/*	NAPLES | CITIZEN NAMES	*/	
INSERT INTO	CivilizationCitizenNames	
			(CivilizationType,			CitizenName,								Female,		Modern)
	VALUES	('CIVILIZATION_STR_NAPLES',	'LOC_CITIZEN_STR_NAPLES_MALE_1',			0,			0),
			('CIVILIZATION_STR_NAPLES',	'LOC_CITIZEN_STR_NAPLES_MALE_2',			0,			0),
			('CIVILIZATION_STR_NAPLES',	'LOC_CITIZEN_STR_NAPLES_MALE_3',			0,			0),
			('CIVILIZATION_STR_NAPLES',	'LOC_CITIZEN_STR_NAPLES_MALE_4',			0,			0),
			('CIVILIZATION_STR_NAPLES',	'LOC_CITIZEN_STR_NAPLES_MALE_5',			0,			0),
			('CIVILIZATION_STR_NAPLES',	'LOC_CITIZEN_STR_NAPLES_MALE_6',			0,			0),
			('CIVILIZATION_STR_NAPLES',	'LOC_CITIZEN_STR_NAPLES_MALE_7',			0,			0),
			('CIVILIZATION_STR_NAPLES',	'LOC_CITIZEN_STR_NAPLES_MALE_8',			0,			0),
			('CIVILIZATION_STR_NAPLES',	'LOC_CITIZEN_STR_NAPLES_MALE_9',			0,			0),
			('CIVILIZATION_STR_NAPLES',	'LOC_CITIZEN_STR_NAPLES_MALE_10',			0,			0),
			('CIVILIZATION_STR_NAPLES',	'LOC_CITIZEN_STR_NAPLES_FEMALE_1',			1,			0),
			('CIVILIZATION_STR_NAPLES',	'LOC_CITIZEN_STR_NAPLES_FEMALE_2',			1,			0),
			('CIVILIZATION_STR_NAPLES',	'LOC_CITIZEN_STR_NAPLES_FEMALE_3',			1,			0),
			('CIVILIZATION_STR_NAPLES',	'LOC_CITIZEN_STR_NAPLES_FEMALE_4',			1,			0),
			('CIVILIZATION_STR_NAPLES',	'LOC_CITIZEN_STR_NAPLES_FEMALE_5',			1,			0),
			('CIVILIZATION_STR_NAPLES',	'LOC_CITIZEN_STR_NAPLES_FEMALE_6',			1,			0),
			('CIVILIZATION_STR_NAPLES',	'LOC_CITIZEN_STR_NAPLES_FEMALE_7',			1,			0),
			('CIVILIZATION_STR_NAPLES',	'LOC_CITIZEN_STR_NAPLES_FEMALE_8',			1,			0),
			('CIVILIZATION_STR_NAPLES',	'LOC_CITIZEN_STR_NAPLES_FEMALE_9',			1,			0),
			('CIVILIZATION_STR_NAPLES',	'LOC_CITIZEN_STR_NAPLES_FEMALE_10',			1,			0),
			('CIVILIZATION_STR_NAPLES',	'LOC_CITIZEN_STR_NAPLES_MODERN_MALE_1',		0,			1),
			('CIVILIZATION_STR_NAPLES',	'LOC_CITIZEN_STR_NAPLES_MODERN_MALE_2',		0,			1),
			('CIVILIZATION_STR_NAPLES',	'LOC_CITIZEN_STR_NAPLES_MODERN_MALE_3',		0,			1),
			('CIVILIZATION_STR_NAPLES',	'LOC_CITIZEN_STR_NAPLES_MODERN_MALE_4',		0,			1),
			('CIVILIZATION_STR_NAPLES',	'LOC_CITIZEN_STR_NAPLES_MODERN_MALE_5',		0,			1),
			('CIVILIZATION_STR_NAPLES',	'LOC_CITIZEN_STR_NAPLES_MODERN_MALE_6',		0,			1),
			('CIVILIZATION_STR_NAPLES',	'LOC_CITIZEN_STR_NAPLES_MODERN_MALE_7',		0,			1),
			('CIVILIZATION_STR_NAPLES',	'LOC_CITIZEN_STR_NAPLES_MODERN_MALE_8',		0,			1),
			('CIVILIZATION_STR_NAPLES',	'LOC_CITIZEN_STR_NAPLES_MODERN_MALE_9',		0,			1),
			('CIVILIZATION_STR_NAPLES',	'LOC_CITIZEN_STR_NAPLES_MODERN_MALE_10',	0,			1),
			('CIVILIZATION_STR_NAPLES',	'LOC_CITIZEN_STR_NAPLES_MODERN_FEMALE_1',	1,			1),
			('CIVILIZATION_STR_NAPLES',	'LOC_CITIZEN_STR_NAPLES_MODERN_FEMALE_2',	1,			1),
			('CIVILIZATION_STR_NAPLES',	'LOC_CITIZEN_STR_NAPLES_MODERN_FEMALE_3',	1,			1),
			('CIVILIZATION_STR_NAPLES',	'LOC_CITIZEN_STR_NAPLES_MODERN_FEMALE_4',	1,			1),
			('CIVILIZATION_STR_NAPLES',	'LOC_CITIZEN_STR_NAPLES_MODERN_FEMALE_5',	1,			1),
			('CIVILIZATION_STR_NAPLES',	'LOC_CITIZEN_STR_NAPLES_MODERN_FEMALE_6',	1,			1),
			('CIVILIZATION_STR_NAPLES',	'LOC_CITIZEN_STR_NAPLES_MODERN_FEMALE_7',	1,			1),
			('CIVILIZATION_STR_NAPLES',	'LOC_CITIZEN_STR_NAPLES_MODERN_FEMALE_8',	1,			1),
			('CIVILIZATION_STR_NAPLES',	'LOC_CITIZEN_STR_NAPLES_MODERN_FEMALE_9',	1,			1),
			('CIVILIZATION_STR_NAPLES',	'LOC_CITIZEN_STR_NAPLES_MODERN_FEMALE_10',	1,			1);

/*	NAPLES | MOUNTAINS	*/
INSERT INTO NamedMountains
			(NamedMountainType,					Name)
	VALUES	('NAMED_MOUNTAIN_STR_NAPLES_1',		'LOC_NAMED_MOUNTAIN_STR_NAPLES_1_NAME'),
			('NAMED_MOUNTAIN_STR_NAPLES_2',		'LOC_NAMED_MOUNTAIN_STR_NAPLES_2_NAME'),
			('NAMED_MOUNTAIN_STR_NAPLES_3',		'LOC_NAMED_MOUNTAIN_STR_NAPLES_3_NAME'),
			('NAMED_MOUNTAIN_STR_NAPLES_4',		'LOC_NAMED_MOUNTAIN_STR_NAPLES_4_NAME'),
			('NAMED_MOUNTAIN_STR_NAPLES_5',		'LOC_NAMED_MOUNTAIN_STR_NAPLES_5_NAME'),
			('NAMED_MOUNTAIN_STR_NAPLES_6',		'LOC_NAMED_MOUNTAIN_STR_NAPLES_6_NAME'),
			('NAMED_MOUNTAIN_STR_NAPLES_7',		'LOC_NAMED_MOUNTAIN_STR_NAPLES_7_NAME'),
			('NAMED_MOUNTAIN_STR_NAPLES_8',		'LOC_NAMED_MOUNTAIN_STR_NAPLES_8_NAME'),
			('NAMED_MOUNTAIN_STR_NAPLES_9',		'LOC_NAMED_MOUNTAIN_STR_NAPLES_9_NAME'),
			('NAMED_MOUNTAIN_STR_NAPLES_10',	'LOC_NAMED_MOUNTAIN_STR_NAPLES_10_NAME');

INSERT INTO NamedMountainCivilizations
			(CivilizationType,			NamedMountainType)
	VALUES	('CIVILIZATION_STR_NAPLES',	'NAMED_MOUNTAIN_STR_NAPLES_1'),
			('CIVILIZATION_STR_NAPLES',	'NAMED_MOUNTAIN_STR_NAPLES_2'),
			('CIVILIZATION_STR_NAPLES',	'NAMED_MOUNTAIN_STR_NAPLES_3'),
			('CIVILIZATION_STR_NAPLES',	'NAMED_MOUNTAIN_STR_NAPLES_4'),
			('CIVILIZATION_STR_NAPLES',	'NAMED_MOUNTAIN_STR_NAPLES_5'),
			('CIVILIZATION_STR_NAPLES',	'NAMED_MOUNTAIN_STR_NAPLES_6'),
			('CIVILIZATION_STR_NAPLES',	'NAMED_MOUNTAIN_STR_NAPLES_7'),
			('CIVILIZATION_STR_NAPLES',	'NAMED_MOUNTAIN_STR_NAPLES_8'),
			('CIVILIZATION_STR_NAPLES',	'NAMED_MOUNTAIN_STR_NAPLES_9'),
			('CIVILIZATION_STR_NAPLES',	'NAMED_MOUNTAIN_STR_NAPLES_10');

/*	NAPLES | RIVERS	*/
INSERT INTO NamedRivers
			(NamedRiverType,				Name)
	VALUES	('NAMED_RIVER_STR_NAPLES_1',	'LOC_NAMED_RIVER_STR_NAPLES_1_NAME'),
			('NAMED_RIVER_STR_NAPLES_2',	'LOC_NAMED_RIVER_STR_NAPLES_2_NAME'),
			('NAMED_RIVER_STR_NAPLES_3',	'LOC_NAMED_RIVER_STR_NAPLES_3_NAME'),
			('NAMED_RIVER_STR_NAPLES_4',	'LOC_NAMED_RIVER_STR_NAPLES_4_NAME'),
			('NAMED_RIVER_STR_NAPLES_5',	'LOC_NAMED_RIVER_STR_NAPLES_5_NAME'),
			('NAMED_RIVER_STR_NAPLES_6',	'LOC_NAMED_RIVER_STR_NAPLES_6_NAME'),
			('NAMED_RIVER_STR_NAPLES_7',	'LOC_NAMED_RIVER_STR_NAPLES_7_NAME'),
			('NAMED_RIVER_STR_NAPLES_8',	'LOC_NAMED_RIVER_STR_NAPLES_8_NAME'),
			('NAMED_RIVER_STR_NAPLES_9',	'LOC_NAMED_RIVER_STR_NAPLES_9_NAME'),
			('NAMED_RIVER_STR_NAPLES_10',	'LOC_NAMED_RIVER_STR_NAPLES_10_NAME');

INSERT INTO NamedRiverCivilizations
			(CivilizationType,			NamedRiverType)
	VALUES	('CIVILIZATION_STR_NAPLES',	'NAMED_RIVER_STR_NAPLES_1'),
			('CIVILIZATION_STR_NAPLES',	'NAMED_RIVER_STR_NAPLES_2'),
			('CIVILIZATION_STR_NAPLES',	'NAMED_RIVER_STR_NAPLES_3'),
			('CIVILIZATION_STR_NAPLES',	'NAMED_RIVER_STR_NAPLES_4'),
			('CIVILIZATION_STR_NAPLES',	'NAMED_RIVER_STR_NAPLES_5'),
			('CIVILIZATION_STR_NAPLES',	'NAMED_RIVER_STR_NAPLES_6'),
			('CIVILIZATION_STR_NAPLES',	'NAMED_RIVER_STR_NAPLES_7'),
			('CIVILIZATION_STR_NAPLES',	'NAMED_RIVER_STR_NAPLES_8'),
			('CIVILIZATION_STR_NAPLES',	'NAMED_RIVER_STR_NAPLES_9'),
			('CIVILIZATION_STR_NAPLES',	'NAMED_RIVER_STR_NAPLES_10');

/*	NAPLES | LAKES	*/
INSERT INTO NamedLakes
			(NamedLakeType,					Name)
	VALUES	('NAMED_LAKE_STR_NAPLES_1',		'LOC_NAMED_LAKE_STR_NAPLES_1_NAME'),
			('NAMED_LAKE_STR_NAPLES_2',		'LOC_NAMED_LAKE_STR_NAPLES_2_NAME'),
			('NAMED_LAKE_STR_NAPLES_3',		'LOC_NAMED_LAKE_STR_NAPLES_3_NAME'),
			('NAMED_LAKE_STR_NAPLES_4',		'LOC_NAMED_LAKE_STR_NAPLES_4_NAME'),
			('NAMED_LAKE_STR_NAPLES_5',		'LOC_NAMED_LAKE_STR_NAPLES_5_NAME'),
			('NAMED_LAKE_STR_NAPLES_6',		'LOC_NAMED_LAKE_STR_NAPLES_6_NAME'),
			('NAMED_LAKE_STR_NAPLES_7',		'LOC_NAMED_LAKE_STR_NAPLES_7_NAME'),
			('NAMED_LAKE_STR_NAPLES_8',		'LOC_NAMED_LAKE_STR_NAPLES_8_NAME'),
			('NAMED_LAKE_STR_NAPLES_9',		'LOC_NAMED_LAKE_STR_NAPLES_9_NAME'),
			('NAMED_LAKE_STR_NAPLES_10',	'LOC_NAMED_LAKE_STR_NAPLES_10_NAME');

INSERT INTO NamedLakeCivilizations
			(CivilizationType,			NamedLakeType)
	VALUES	('CIVILIZATION_STR_NAPLES',	'NAMED_LAKE_STR_NAPLES_1'),
			('CIVILIZATION_STR_NAPLES',	'NAMED_LAKE_STR_NAPLES_2'),
			('CIVILIZATION_STR_NAPLES',	'NAMED_LAKE_STR_NAPLES_3'),
			('CIVILIZATION_STR_NAPLES',	'NAMED_LAKE_STR_NAPLES_4'),
			('CIVILIZATION_STR_NAPLES',	'NAMED_LAKE_STR_NAPLES_5'),
			('CIVILIZATION_STR_NAPLES',	'NAMED_LAKE_STR_NAPLES_6'),
			('CIVILIZATION_STR_NAPLES',	'NAMED_LAKE_STR_NAPLES_7'),
			('CIVILIZATION_STR_NAPLES',	'NAMED_LAKE_STR_NAPLES_8'),
			('CIVILIZATION_STR_NAPLES',	'NAMED_LAKE_STR_NAPLES_9'),
			('CIVILIZATION_STR_NAPLES',	'NAMED_LAKE_STR_NAPLES_10');

/*	NAPLES | SEAS	*/
INSERT INTO NamedSeas
			(NamedSeaType,				Name)
	VALUES	('NAMED_SEA_STR_NAPLES_1',	'LOC_NAMED_SEA_STR_NAPLES_1_NAME'),
			('NAMED_SEA_STR_NAPLES_2',	'LOC_NAMED_SEA_STR_NAPLES_2_NAME'),
			('NAMED_SEA_STR_NAPLES_3',	'LOC_NAMED_SEA_STR_NAPLES_3_NAME'),
			('NAMED_SEA_STR_NAPLES_4',	'LOC_NAMED_SEA_STR_NAPLES_4_NAME'),
			('NAMED_SEA_STR_NAPLES_5',	'LOC_NAMED_SEA_STR_NAPLES_5_NAME'),
			('NAMED_SEA_STR_NAPLES_6',	'LOC_NAMED_SEA_STR_NAPLES_6_NAME'),
			('NAMED_SEA_STR_NAPLES_7',	'LOC_NAMED_SEA_STR_NAPLES_7_NAME'),
			('NAMED_SEA_STR_NAPLES_8',	'LOC_NAMED_SEA_STR_NAPLES_8_NAME'),
			('NAMED_SEA_STR_NAPLES_9',	'LOC_NAMED_SEA_STR_NAPLES_9_NAME'),
			('NAMED_SEA_STR_NAPLES_10',	'LOC_NAMED_SEA_STR_NAPLES_10_NAME');

INSERT INTO NamedSeaCivilizations
			(CivilizationType,			NamedSeaType)
	VALUES	('CIVILIZATION_STR_NAPLES',	'NAMED_SEA_STR_NAPLES_1'),
			('CIVILIZATION_STR_NAPLES',	'NAMED_SEA_STR_NAPLES_2'),
			('CIVILIZATION_STR_NAPLES',	'NAMED_SEA_STR_NAPLES_3'),
			('CIVILIZATION_STR_NAPLES',	'NAMED_SEA_STR_NAPLES_4'),
			('CIVILIZATION_STR_NAPLES',	'NAMED_SEA_STR_NAPLES_5'),
			('CIVILIZATION_STR_NAPLES',	'NAMED_SEA_STR_NAPLES_6'),
			('CIVILIZATION_STR_NAPLES',	'NAMED_SEA_STR_NAPLES_7'),
			('CIVILIZATION_STR_NAPLES',	'NAMED_SEA_STR_NAPLES_8'),
			('CIVILIZATION_STR_NAPLES',	'NAMED_SEA_STR_NAPLES_9'),
			('CIVILIZATION_STR_NAPLES',	'NAMED_SEA_STR_NAPLES_10');

/*	NAPLES | OCEANS	*/
INSERT INTO NamedOceans
			(NamedOceanType,				Name)
	VALUES	('NAMED_OCEAN_STR_NAPLES_1',	'LOC_NAMED_OCEAN_STR_NAPLES_1_NAME'),
			('NAMED_OCEAN_STR_NAPLES_2',	'LOC_NAMED_OCEAN_STR_NAPLES_2_NAME'),
			('NAMED_OCEAN_STR_NAPLES_3',	'LOC_NAMED_OCEAN_STR_NAPLES_3_NAME'),
			('NAMED_OCEAN_STR_NAPLES_4',	'LOC_NAMED_OCEAN_STR_NAPLES_4_NAME'),
			('NAMED_OCEAN_STR_NAPLES_5',	'LOC_NAMED_OCEAN_STR_NAPLES_5_NAME'),
			('NAMED_OCEAN_STR_NAPLES_6',	'LOC_NAMED_OCEAN_STR_NAPLES_6_NAME'),
			('NAMED_OCEAN_STR_NAPLES_7',	'LOC_NAMED_OCEAN_STR_NAPLES_7_NAME'),
			('NAMED_OCEAN_STR_NAPLES_8',	'LOC_NAMED_OCEAN_STR_NAPLES_8_NAME'),
			('NAMED_OCEAN_STR_NAPLES_9',	'LOC_NAMED_OCEAN_STR_NAPLES_9_NAME'),
			('NAMED_OCEAN_STR_NAPLES_10',	'LOC_NAMED_OCEAN_STR_NAPLES_10_NAME');

INSERT INTO NamedOceanCivilizations
			(CivilizationType,			NamedOceanType)
	VALUES	('CIVILIZATION_STR_NAPLES',	'NAMED_OCEAN_STR_NAPLES_1'),
			('CIVILIZATION_STR_NAPLES',	'NAMED_OCEAN_STR_NAPLES_2'),
			('CIVILIZATION_STR_NAPLES',	'NAMED_OCEAN_STR_NAPLES_3'),
			('CIVILIZATION_STR_NAPLES',	'NAMED_OCEAN_STR_NAPLES_4'),
			('CIVILIZATION_STR_NAPLES',	'NAMED_OCEAN_STR_NAPLES_5'),
			('CIVILIZATION_STR_NAPLES',	'NAMED_OCEAN_STR_NAPLES_6'),
			('CIVILIZATION_STR_NAPLES',	'NAMED_OCEAN_STR_NAPLES_7'),
			('CIVILIZATION_STR_NAPLES',	'NAMED_OCEAN_STR_NAPLES_8'),
			('CIVILIZATION_STR_NAPLES',	'NAMED_OCEAN_STR_NAPLES_9'),
			('CIVILIZATION_STR_NAPLES',	'NAMED_OCEAN_STR_NAPLES_10');

/*	NAPLES | DESERTS	*/
INSERT INTO NamedDeserts
			(NamedDesertType,				Name)
	VALUES	('NAMED_DESERT_STR_NAPLES_1',	'LOC_NAMED_DESERT_STR_NAPLES_1_NAME'),
			('NAMED_DESERT_STR_NAPLES_2',	'LOC_NAMED_DESERT_STR_NAPLES_2_NAME'),
			('NAMED_DESERT_STR_NAPLES_3',	'LOC_NAMED_DESERT_STR_NAPLES_3_NAME'),
			('NAMED_DESERT_STR_NAPLES_4',	'LOC_NAMED_DESERT_STR_NAPLES_4_NAME'),
			('NAMED_DESERT_STR_NAPLES_5',	'LOC_NAMED_DESERT_STR_NAPLES_5_NAME'),
			('NAMED_DESERT_STR_NAPLES_6',	'LOC_NAMED_DESERT_STR_NAPLES_6_NAME'),
			('NAMED_DESERT_STR_NAPLES_7',	'LOC_NAMED_DESERT_STR_NAPLES_7_NAME'),
			('NAMED_DESERT_STR_NAPLES_8',	'LOC_NAMED_DESERT_STR_NAPLES_8_NAME'),
			('NAMED_DESERT_STR_NAPLES_9',	'LOC_NAMED_DESERT_STR_NAPLES_9_NAME'),
			('NAMED_DESERT_STR_NAPLES_10',	'LOC_NAMED_DESERT_STR_NAPLES_10_NAME');

INSERT INTO NamedDesertCivilizations
			(CivilizationType,			NamedDesertType)
	VALUES	('CIVILIZATION_STR_NAPLES',	'NAMED_DESERT_STR_NAPLES_1'),
			('CIVILIZATION_STR_NAPLES',	'NAMED_DESERT_STR_NAPLES_2'),
			('CIVILIZATION_STR_NAPLES',	'NAMED_DESERT_STR_NAPLES_3'),
			('CIVILIZATION_STR_NAPLES',	'NAMED_DESERT_STR_NAPLES_4'),
			('CIVILIZATION_STR_NAPLES',	'NAMED_DESERT_STR_NAPLES_5'),
			('CIVILIZATION_STR_NAPLES',	'NAMED_DESERT_STR_NAPLES_6'),
			('CIVILIZATION_STR_NAPLES',	'NAMED_DESERT_STR_NAPLES_7'),
			('CIVILIZATION_STR_NAPLES',	'NAMED_DESERT_STR_NAPLES_8'),
			('CIVILIZATION_STR_NAPLES',	'NAMED_DESERT_STR_NAPLES_9'),
			('CIVILIZATION_STR_NAPLES',	'NAMED_DESERT_STR_NAPLES_10');

/*	NAPLES | VOLCANOES	*/
INSERT INTO NamedVolcanoes
			(NamedVolcanoType,				Name)
	VALUES	('NAMED_VOLCANO_STR_NAPLES_1',	'LOC_NAMED_VOLCANO_STR_NAPLES_1_NAME'),
			('NAMED_VOLCANO_STR_NAPLES_2',	'LOC_NAMED_VOLCANO_STR_NAPLES_2_NAME'),
			('NAMED_VOLCANO_STR_NAPLES_3',	'LOC_NAMED_VOLCANO_STR_NAPLES_3_NAME'),
			('NAMED_VOLCANO_STR_NAPLES_4',	'LOC_NAMED_VOLCANO_STR_NAPLES_4_NAME'),
			('NAMED_VOLCANO_STR_NAPLES_5',	'LOC_NAMED_VOLCANO_STR_NAPLES_5_NAME'),
			('NAMED_VOLCANO_STR_NAPLES_6',	'LOC_NAMED_VOLCANO_STR_NAPLES_6_NAME'),
			('NAMED_VOLCANO_STR_NAPLES_7',	'LOC_NAMED_VOLCANO_STR_NAPLES_7_NAME'),
			('NAMED_VOLCANO_STR_NAPLES_8',	'LOC_NAMED_VOLCANO_STR_NAPLES_8_NAME'),
			('NAMED_VOLCANO_STR_NAPLES_9',	'LOC_NAMED_VOLCANO_STR_NAPLES_9_NAME'),
			('NAMED_VOLCANO_STR_NAPLES_10',	'LOC_NAMED_VOLCANO_STR_NAPLES_10_NAME');

INSERT INTO NamedVolcanoCivilizations
			(CivilizationType,			NamedVolcanoType)
	VALUES	('CIVILIZATION_STR_NAPLES',	'NAMED_VOLCANO_STR_NAPLES_1'),
			('CIVILIZATION_STR_NAPLES',	'NAMED_VOLCANO_STR_NAPLES_2'),
			('CIVILIZATION_STR_NAPLES',	'NAMED_VOLCANO_STR_NAPLES_3'),
			('CIVILIZATION_STR_NAPLES',	'NAMED_VOLCANO_STR_NAPLES_4'),
			('CIVILIZATION_STR_NAPLES',	'NAMED_VOLCANO_STR_NAPLES_5'),
			('CIVILIZATION_STR_NAPLES',	'NAMED_VOLCANO_STR_NAPLES_6'),
			('CIVILIZATION_STR_NAPLES',	'NAMED_VOLCANO_STR_NAPLES_7'),
			('CIVILIZATION_STR_NAPLES',	'NAMED_VOLCANO_STR_NAPLES_8'),
			('CIVILIZATION_STR_NAPLES',	'NAMED_VOLCANO_STR_NAPLES_9'),
			('CIVILIZATION_STR_NAPLES',	'NAMED_VOLCANO_STR_NAPLES_10');