--------------------
-- Basics
--------------------

INSERT INTO Types
		(Type,										Kind)
VALUES	('BUILDING_PHANTA_PAVILION_PRINCE_TENG',	'KIND_BUILDING');

INSERT INTO Buildings
		(BuildingType,
		Name,
		Description,
		PrereqCivic,
		AdjacentDistrict,
		Cost,
		AdvisorType,
		MaxWorldInstances,
		IsWonder,
		RequiresPlacement,
		RequiresRiver,
		ObsoleteEra,
		Quote)
VALUES	('BUILDING_PHANTA_PAVILION_PRINCE_TENG',
		'LOC_BUILDING_PHANTA_PAVILION_PRINCE_TENG_NAME',
		'LOC_BUILDING_PHANTA_PAVILION_PRINCE_TENG_DESCRIPTION',
		'CIVIC_CIVIL_SERVICE',
		'DISTRICT_THEATER',
		400,
		'ADVISOR_CULTURE',
		1,
		1,
		1,
		1,
		'ERA_INDUSTRIAL',
		'LOC_BUILDING_PHANTA_PAVILION_PRINCE_TENG_QUOTE');

INSERT INTO Building_GreatPersonPoints
		(BuildingType,								GreatPersonClassType,				PointsPerTurn)
VALUES	('BUILDING_PHANTA_PAVILION_PRINCE_TENG',	'GREAT_PERSON_CLASS_WRITER',		2);


INSERT INTO Building_GreatWorks
		(BuildingType,								GreatWorkSlotType,			NumSlots)
VALUES	('BUILDING_PHANTA_PAVILION_PRINCE_TENG',	'GREATWORKSLOT_WRITING',	2);



--------------------
-- Bonuses
--------------------

--==== 1: Grants a free Great Writer

INSERT INTO BuildingModifiers (BuildingType, ModifierId) VALUES 
('BUILDING_PHANTA_PAVILION_PRINCE_TENG', 'MODFEAT_PHANTA_PAVILION_PRINCE_TENG_GRANT_WRITER');

INSERT INTO Modifiers (ModifierId, ModifierType, RunOnce, Permanent, NewOnly, OwnerRequirementSetId, SubjectRequirementSetId) VALUES 
('MODFEAT_PHANTA_PAVILION_PRINCE_TENG_GRANT_WRITER', 'MODIFIER_SINGLE_CITY_GRANT_GREAT_PERSON_CLASS_IN_CITY', 1, 1, 0, NULL, NULL);

INSERT INTO ModifierArguments (ModifierId, Name, Value) VALUES 
('MODFEAT_PHANTA_PAVILION_PRINCE_TENG_GRANT_WRITER', 'Amount', '1'), 
('MODFEAT_PHANTA_PAVILION_PRINCE_TENG_GRANT_WRITER', 'GreatPersonClassType', 'GREAT_PERSON_CLASS_WRITER');

--==== 2.0 ModifierType


-- Custom ModifierType

INSERT INTO Types (Type, Kind) VALUES 
('MODTYPE_PHANTA_PAVILION_PRINCE_TENG_OWNER_PLAYER_ATTACH_MODIFIER', 'KIND_MODIFIER');

INSERT INTO DynamicModifiers (ModifierType, CollectionType, EffectType) VALUES 
('MODTYPE_PHANTA_PAVILION_PRINCE_TENG_OWNER_PLAYER_ATTACH_MODIFIER', 'COLLECTION_OWNER_PLAYER', 'EFFECT_ATTACH_MODIFIER');

-- RequirementSets

INSERT INTO RequirementSets (RequirementSetId, RequirementSetType) VALUES 
('REQSET_PHANTA_PAVILION_PRINCE_TENG_GREAT_WRITER', 'REQUIREMENTSET_TEST_ALL');

INSERT INTO RequirementSetRequirements (RequirementSetId, RequirementId) VALUES 
('REQSET_PHANTA_PAVILION_PRINCE_TENG_GREAT_WRITER', 'REQ_PHANTA_PAVILION_PRINCE_TENG_GREAT_WRITER');

-- Requirements

INSERT INTO Requirements (RequirementId, RequirementType) VALUES 
('REQ_PHANTA_PAVILION_PRINCE_TENG_GREAT_WRITER', 'REQUIREMENT_UNIT_TYPE_MATCHES');

INSERT INTO RequirementArguments (RequirementId, Name, Value) VALUES 
('REQ_PHANTA_PAVILION_PRINCE_TENG_GREAT_WRITER', 'UnitType', 'UNIT_GREAT_WRITER');


--==== 2.1 Great Writer grants Great Engineer point

INSERT INTO Modifiers (ModifierId, ModifierType, RunOnce, Permanent, NewOnly, OwnerRequirementSetId, SubjectRequirementSetId) VALUES 
('MODFEAT_PHANTA_PAVILION_PRINCE_TENG_GREAT_ENGINEER_BONUS', 'MODIFIER_PLAYER_CITIES_ADJUST_GREAT_PERSON_POINT', 0, 0, 0, NULL, 'REQSET_PHANTA_PAVILION_PRINCE_TENG_CITY');

INSERT INTO ModifierArguments (ModifierId, Name, Value) VALUES 
('MODFEAT_PHANTA_PAVILION_PRINCE_TENG_GREAT_ENGINEER_BONUS', 'Amount', '1'), 
('MODFEAT_PHANTA_PAVILION_PRINCE_TENG_GREAT_ENGINEER_BONUS', 'GreatPersonClassType', 'GREAT_PERSON_CLASS_ENGINEER');

-- RequirementSets

INSERT INTO RequirementSets (RequirementSetId, RequirementSetType) VALUES 
('REQSET_PHANTA_PAVILION_PRINCE_TENG_CITY', 'REQUIREMENTSET_TEST_ALL');

INSERT INTO RequirementSetRequirements (RequirementSetId, RequirementId) VALUES 
('REQSET_PHANTA_PAVILION_PRINCE_TENG_CITY', 'REQ_PHANTA_PAVILION_PRINCE_TENG_CITY');

-- Requirements

INSERT INTO Requirements (RequirementId, RequirementType) VALUES 
('REQ_PHANTA_PAVILION_PRINCE_TENG_CITY', 'REQUIREMENT_CITY_HAS_BUILDING');

INSERT INTO RequirementArguments (RequirementId, Name, Value) VALUES 
('REQ_PHANTA_PAVILION_PRINCE_TENG_CITY', 'BuildingType', 'BUILDING_PHANTA_PAVILION_PRINCE_TENG');

-----------
-----------

INSERT INTO Modifiers (ModifierId, ModifierType, RunOnce, Permanent, NewOnly, OwnerRequirementSetId, SubjectRequirementSetId) VALUES 
('MODFEAT_PHANTA_PAVILION_PRINCE_TENG_GREAT_ENGINEER_BONUS_OWNER_PLAYER_ATTACH_MODIFIER', 'MODTYPE_PHANTA_PAVILION_PRINCE_TENG_OWNER_PLAYER_ATTACH_MODIFIER', 0, 0, 0, NULL, NULL);

INSERT INTO ModifierArguments (ModifierId, Name, Value) VALUES 
('MODFEAT_PHANTA_PAVILION_PRINCE_TENG_GREAT_ENGINEER_BONUS_OWNER_PLAYER_ATTACH_MODIFIER', 'ModifierId', 'MODFEAT_PHANTA_PAVILION_PRINCE_TENG_GREAT_ENGINEER_BONUS');

-----------
-----------

INSERT INTO GameModifiers (ModifierId) VALUES 
('MODFEAT_PHANTA_PAVILION_PRINCE_TENG_GREAT_ENGINEER_BONUS_UNIT_ATTACH_MODIFIER');

INSERT INTO Modifiers (ModifierId, ModifierType, RunOnce, Permanent, NewOnly, OwnerRequirementSetId, SubjectRequirementSetId) VALUES 
('MODFEAT_PHANTA_PAVILION_PRINCE_TENG_GREAT_ENGINEER_BONUS_UNIT_ATTACH_MODIFIER', 'MODIFIER_ALL_UNITS_ATTACH_MODIFIER', 0, 1, 0, NULL, 'REQSET_PHANTA_PAVILION_PRINCE_TENG_GREAT_WRITER');

INSERT INTO ModifierArguments (ModifierId, Name, Value) VALUES 
('MODFEAT_PHANTA_PAVILION_PRINCE_TENG_GREAT_ENGINEER_BONUS_UNIT_ATTACH_MODIFIER', 'ModifierId', 'MODFEAT_PHANTA_PAVILION_PRINCE_TENG_GREAT_ENGINEER_BONUS_OWNER_PLAYER_ATTACH_MODIFIER');


--==== 2.2 Great Writer grants Production

INSERT INTO Modifiers (ModifierId, ModifierType, RunOnce, Permanent, NewOnly, OwnerRequirementSetId, SubjectRequirementSetId) VALUES 
('MODFEAT_PHANTA_PAVILION_PRINCE_TENG_PRODUCTION_BONUS', 'MODIFIER_PLAYER_CITIES_ADJUST_BUILDING_YIELD_CHANGE', 0, 1, 0, NULL, NULL);

INSERT INTO ModifierArguments (ModifierId, Name, Value) VALUES 
('MODFEAT_PHANTA_PAVILION_PRINCE_TENG_PRODUCTION_BONUS', 'Amount', '3'), 
('MODFEAT_PHANTA_PAVILION_PRINCE_TENG_PRODUCTION_BONUS', 'BuildingType', 'BUILDING_PHANTA_PAVILION_PRINCE_TENG'), 
('MODFEAT_PHANTA_PAVILION_PRINCE_TENG_PRODUCTION_BONUS', 'YieldType', 'YIELD_PRODUCTION');

-----------
-----------

INSERT INTO Modifiers (ModifierId, ModifierType, RunOnce, Permanent, NewOnly, OwnerRequirementSetId, SubjectRequirementSetId) VALUES 
('MODFEAT_PHANTA_PAVILION_PRINCE_TENG_PRODUCTION_BONUS_OWNER_PLAYER_ATTACH_MODIFIER', 'MODTYPE_PHANTA_PAVILION_PRINCE_TENG_OWNER_PLAYER_ATTACH_MODIFIER', 0, 0, 0, NULL, NULL);

INSERT INTO ModifierArguments (ModifierId, Name, Value) VALUES 
('MODFEAT_PHANTA_PAVILION_PRINCE_TENG_PRODUCTION_BONUS_OWNER_PLAYER_ATTACH_MODIFIER', 'ModifierId', 'MODFEAT_PHANTA_PAVILION_PRINCE_TENG_PRODUCTION_BONUS');

-----------
-----------

INSERT INTO GameModifiers (ModifierId) VALUES 
('MODFEAT_PHANTA_PAVILION_PRINCE_TENG_PRODUCTION_BONUS_UNIT_ATTACH_MODIFIER');

INSERT INTO Modifiers (ModifierId, ModifierType, RunOnce, Permanent, NewOnly, OwnerRequirementSetId, SubjectRequirementSetId) VALUES 
('MODFEAT_PHANTA_PAVILION_PRINCE_TENG_PRODUCTION_BONUS_UNIT_ATTACH_MODIFIER', 'MODIFIER_ALL_UNITS_ATTACH_MODIFIER', 0, 1, 0, NULL, 'REQSET_PHANTA_PAVILION_PRINCE_TENG_GREAT_WRITER');

INSERT INTO ModifierArguments (ModifierId, Name, Value) VALUES 
('MODFEAT_PHANTA_PAVILION_PRINCE_TENG_PRODUCTION_BONUS_UNIT_ATTACH_MODIFIER', 'ModifierId', 'MODFEAT_PHANTA_PAVILION_PRINCE_TENG_PRODUCTION_BONUS_OWNER_PLAYER_ATTACH_MODIFIER');


--------------------
-- Great Person
--------------------

INSERT INTO Types
			(Type,											Kind)
VALUES		('GREAT_PERSON_INDIVIDUAL_PHANTA_CHEN_ZIANG',	'KIND_GREAT_PERSON_INDIVIDUAL'),
			('GREAT_PERSON_INDIVIDUAL_PHANTA_HE_ZHIZHANG',	'KIND_GREAT_PERSON_INDIVIDUAL'),
			('GREAT_PERSON_INDIVIDUAL_PHANTA_LUO_BINWANG',	'KIND_GREAT_PERSON_INDIVIDUAL'),
			('GREAT_PERSON_INDIVIDUAL_PHANTA_LU_ZHAOLIN',	'KIND_GREAT_PERSON_INDIVIDUAL'),
			('GREAT_PERSON_INDIVIDUAL_PHANTA_WANG_BO',		'KIND_GREAT_PERSON_INDIVIDUAL'),
			('GREAT_PERSON_INDIVIDUAL_PHANTA_YANG_JIONG',	'KIND_GREAT_PERSON_INDIVIDUAL'),

			('GREATWORK_PHANTA_CHEN_ZIANG_1',				'KIND_GREATWORK'),
			('GREATWORK_PHANTA_CHEN_ZIANG_2',				'KIND_GREATWORK'),
			('GREATWORK_PHANTA_HE_ZHIZHANG_1',				'KIND_GREATWORK'),
			('GREATWORK_PHANTA_HE_ZHIZHANG_2',				'KIND_GREATWORK'),
			('GREATWORK_PHANTA_LUO_BINWANG_1',				'KIND_GREATWORK'),
			('GREATWORK_PHANTA_LUO_BINWANG_2',				'KIND_GREATWORK'),
			('GREATWORK_PHANTA_LU_ZHAOLIN_1',				'KIND_GREATWORK'),
			('GREATWORK_PHANTA_LU_ZHAOLIN_2',				'KIND_GREATWORK'),
			('GREATWORK_PHANTA_WANG_BO_1',					'KIND_GREATWORK'),
			('GREATWORK_PHANTA_WANG_BO_2',					'KIND_GREATWORK'),
			('GREATWORK_PHANTA_YANG_JIONG_1',				'KIND_GREATWORK'),
			('GREATWORK_PHANTA_YANG_JIONG_2',				'KIND_GREATWORK');


INSERT INTO GreatPersonIndividuals
			(GreatPersonIndividualType,							Name,														GreatPersonClassType,			EraType,		Gender,	ActionCharges)
VALUES		('GREAT_PERSON_INDIVIDUAL_PHANTA_CHEN_ZIANG',		'LOC_GREAT_PERSON_INDIVIDUAL_PHANTA_CHEN_ZIANG_NAME',		'GREAT_PERSON_CLASS_WRITER',	'ERA_MEDIEVAL',	'M',	0),
			('GREAT_PERSON_INDIVIDUAL_PHANTA_HE_ZHIZHANG',		'LOC_GREAT_PERSON_INDIVIDUAL_PHANTA_HE_ZHIZHANG_NAME',		'GREAT_PERSON_CLASS_WRITER',	'ERA_MEDIEVAL',	'M',	0),
			('GREAT_PERSON_INDIVIDUAL_PHANTA_LUO_BINWANG',		'LOC_GREAT_PERSON_INDIVIDUAL_PHANTA_LUO_BINWANG_NAME',		'GREAT_PERSON_CLASS_WRITER',	'ERA_MEDIEVAL',	'M',	0),
			('GREAT_PERSON_INDIVIDUAL_PHANTA_LU_ZHAOLIN',		'LOC_GREAT_PERSON_INDIVIDUAL_PHANTA_LU_ZHAOLIN_NAME',		'GREAT_PERSON_CLASS_WRITER',	'ERA_MEDIEVAL',	'M',	0),
			('GREAT_PERSON_INDIVIDUAL_PHANTA_WANG_BO',			'LOC_GREAT_PERSON_INDIVIDUAL_PHANTA_WANG_BO_NAME',			'GREAT_PERSON_CLASS_WRITER',	'ERA_MEDIEVAL',	'M',	0),
			('GREAT_PERSON_INDIVIDUAL_PHANTA_YANG_JIONG',		'LOC_GREAT_PERSON_INDIVIDUAL_PHANTA_YANG_JIONG_NAME',		'GREAT_PERSON_CLASS_WRITER',	'ERA_MEDIEVAL',	'M',	0);

INSERT INTO GreatWorks
			(GreatWorkType,						GreatWorkObjectType,			GreatPersonIndividualType,							Name,														Quote,										Tourism,	Audio)
VALUES		('GREATWORK_PHANTA_CHEN_ZIANG_1',	'GREATWORKOBJECT_WRITING',		'GREAT_PERSON_INDIVIDUAL_PHANTA_CHEN_ZIANG',		'LOC_GREATWORK_PHANTA_CHEN_ZIANG_1_NAME',			'LOC_GREATWORK_PHANTA_CHEN_ZIANG_1_QUOTE',		2,			''),
			('GREATWORK_PHANTA_CHEN_ZIANG_2',	'GREATWORKOBJECT_WRITING',		'GREAT_PERSON_INDIVIDUAL_PHANTA_CHEN_ZIANG',		'LOC_GREATWORK_PHANTA_CHEN_ZIANG_2_NAME',			'LOC_GREATWORK_PHANTA_CHEN_ZIANG_2_QUOTE',		2,			''),
			('GREATWORK_PHANTA_HE_ZHIZHANG_1',	'GREATWORKOBJECT_WRITING',		'GREAT_PERSON_INDIVIDUAL_PHANTA_HE_ZHIZHANG',		'LOC_GREATWORK_PHANTA_HE_ZHIZHANG_1_NAME',			'LOC_GREATWORK_PHANTA_HE_ZHIZHANG_1_QUOTE',		2,			''),
			('GREATWORK_PHANTA_HE_ZHIZHANG_2',	'GREATWORKOBJECT_WRITING',		'GREAT_PERSON_INDIVIDUAL_PHANTA_HE_ZHIZHANG',		'LOC_GREATWORK_PHANTA_HE_ZHIZHANG_2_NAME',			'LOC_GREATWORK_PHANTA_HE_ZHIZHANG_2_QUOTE',		2,			''),
			('GREATWORK_PHANTA_LUO_BINWANG_1',	'GREATWORKOBJECT_WRITING',		'GREAT_PERSON_INDIVIDUAL_PHANTA_LUO_BINWANG',		'LOC_GREATWORK_PHANTA_LUO_BINWANG_1_NAME',			'LOC_GREATWORK_PHANTA_LUO_BINWANG_1_QUOTE',		2,			''),
			('GREATWORK_PHANTA_LUO_BINWANG_2',	'GREATWORKOBJECT_WRITING',		'GREAT_PERSON_INDIVIDUAL_PHANTA_LUO_BINWANG',		'LOC_GREATWORK_PHANTA_LUO_BINWANG_2_NAME',			'LOC_GREATWORK_PHANTA_LUO_BINWANG_2_QUOTE',		2,			''),
			('GREATWORK_PHANTA_LU_ZHAOLIN_1',	'GREATWORKOBJECT_WRITING',		'GREAT_PERSON_INDIVIDUAL_PHANTA_LU_ZHAOLIN',		'LOC_GREATWORK_PHANTA_LU_ZHAOLIN_1_NAME',			'LOC_GREATWORK_PHANTA_LU_ZHAOLIN_1_QUOTE',		2,			''),
			('GREATWORK_PHANTA_LU_ZHAOLIN_2',	'GREATWORKOBJECT_WRITING',		'GREAT_PERSON_INDIVIDUAL_PHANTA_LU_ZHAOLIN',		'LOC_GREATWORK_PHANTA_LU_ZHAOLIN_2_NAME',			'LOC_GREATWORK_PHANTA_LU_ZHAOLIN_2_QUOTE',		2,			''),
			('GREATWORK_PHANTA_WANG_BO_1',		'GREATWORKOBJECT_WRITING',		'GREAT_PERSON_INDIVIDUAL_PHANTA_WANG_BO',			'LOC_GREATWORK_PHANTA_WANG_BO_1_NAME',				'LOC_GREATWORK_PHANTA_WANG_BO_1_QUOTE',			2,			''),
			('GREATWORK_PHANTA_WANG_BO_2',		'GREATWORKOBJECT_WRITING',		'GREAT_PERSON_INDIVIDUAL_PHANTA_WANG_BO',			'LOC_GREATWORK_PHANTA_WANG_BO_2_NAME',				'LOC_GREATWORK_PHANTA_WANG_BO_2_QUOTE',			2,			''),
			('GREATWORK_PHANTA_YANG_JIONG_1',	'GREATWORKOBJECT_WRITING',		'GREAT_PERSON_INDIVIDUAL_PHANTA_YANG_JIONG',		'LOC_GREATWORK_PHANTA_YANG_JIONG_1_NAME',			'LOC_GREATWORK_PHANTA_YANG_JIONG_1_QUOTE',		2,			''),
			('GREATWORK_PHANTA_YANG_JIONG_2',	'GREATWORKOBJECT_WRITING',		'GREAT_PERSON_INDIVIDUAL_PHANTA_YANG_JIONG',		'LOC_GREATWORK_PHANTA_YANG_JIONG_2_NAME',			'LOC_GREATWORK_PHANTA_YANG_JIONG_2_QUOTE',		2,			'');

INSERT INTO GreatWork_YieldChanges
			(GreatWorkType,						YieldType,			YieldChange)
VALUES		('GREATWORK_PHANTA_CHEN_ZIANG_1',	'YIELD_CULTURE',	2),
			('GREATWORK_PHANTA_CHEN_ZIANG_2',	'YIELD_CULTURE',	2),
			('GREATWORK_PHANTA_HE_ZHIZHANG_1',	'YIELD_CULTURE',	2),
			('GREATWORK_PHANTA_HE_ZHIZHANG_2',	'YIELD_CULTURE',	2),
			('GREATWORK_PHANTA_LUO_BINWANG_1',	'YIELD_CULTURE',	2),
			('GREATWORK_PHANTA_LUO_BINWANG_2',	'YIELD_CULTURE',	2),
			('GREATWORK_PHANTA_LU_ZHAOLIN_1',	'YIELD_CULTURE',	2),
			('GREATWORK_PHANTA_LU_ZHAOLIN_2',	'YIELD_CULTURE',	2),
			('GREATWORK_PHANTA_WANG_BO_1',		'YIELD_CULTURE',	2),
			('GREATWORK_PHANTA_WANG_BO_2',		'YIELD_CULTURE',	2),
			('GREATWORK_PHANTA_YANG_JIONG_1',	'YIELD_CULTURE',	2),
			('GREATWORK_PHANTA_YANG_JIONG_2',	'YIELD_CULTURE',	2);